,FTR
0,2.0
1,1.0
2,1.0
3,1.0
4,1.0
5,1.0
6,1.0
9,1.0
10,1.0
11,1.0
13,1.0
19,1.0
20,1.0
21,2.0
22,1.0
23,1.0
24,1.0
25,1.0
26,1.0
27,1.0
28,1.0
30,1.0
31,1.0
32,1.0
40,1.0
41,2.0
42,2.0
44,1.0
45,1.0
47,2.0
48,2.0
49,1.0
52,1.0
58,2.0
59,2.0
60,2.0
61,2.0
62,1.0
63,1.0
64,2.0
65,2.0
67,2.0
69,1.0
70,2.0
77,2.0
79,2.0
80,1.0
83,1.0
85,2.0
86,2.0
87,2.0
88,1.0
89,1.0
91,2.0
96,2.0
97,2.0
98,1.0
100,1.0
102,2.0
103,2.0
105,1.0
110,2.0
115,1.0
116,2.0
117,2.0
118,2.0
120,2.0
121,1.0
123,2.0
125,2.0
126,1.0
127,1.0
128,1.0
134,1.0
135,1.0
136,1.0
137,1.0
138,1.0
140,1.0
141,1.0
142,1.0
143,1.0
144,1.0
146,1.0
147,1.0
148,1.0
153,2.0
154,1.0
155,2.0
156,2.0
157,2.0
159,1.0
160,1.0
161,2.0
163,1.0
164,1.0
165,1.0
166,2.0
167,2.0
172,1.0
173,1.0
174,1.0
175,1.0
176,1.0
177,1.0
178,1.0
179,1.0
180,1.0
181,1.0
182,1.0
183,2.0
184,1.0
190,2.0
191,2.0
192,1.0
193,2.0
194,2.0
195,1.0
197,2.0
198,2.0
200,2.0
201,1.0
202,2.0
203,1.0
204,1.0
211,1.0
212,1.0
213,1.0
216,1.0
217,1.0
218,2.0
219,1.0
220,1.0
221,1.0
222,1.0
223,1.0
229,2.0
231,2.0
232,1.0
233,2.0
234,2.0
235,2.0
236,1.0
237,2.0
238,1.0
239,2.0
240,2.0
241,2.0
242,2.0
243,1.0
249,1.0
251,1.0
253,1.0
254,2.0
255,1.0
257,2.0
258,1.0
259,2.0
261,2.0
262,2.0
263,2.0
269,1.0
270,2.0
272,1.0
273,1.0
274,1.0
276,1.0
277,2.0
278,2.0
279,2.0
280,2.0
281,1.0
289,1.0
290,1.0
291,1.0
292,1.0
293,2.0
295,2.0
296,2.0
297,1.0
300,2.0
301,1.0
306,1.0
308,2.0
311,1.0
313,1.0
314,1.0
316,2.0
317,1.0
319,1.0
320,1.0
325,1.0
327,2.0
328,2.0
329,1.0
331,2.0
332,1.0
333,2.0
335,2.0
336,1.0
338,2.0
339,1.0
344,1.0
345,1.0
347,2.0
348,1.0
349,2.0
351,2.0
353,1.0
354,1.0
355,2.0
356,1.0
357,1.0
364,1.0
365,2.0
367,1.0
368,1.0
369,2.0
370,2.0
371,1.0
372,2.0
373,1.0
374,1.0
383,1.0
384,2.0
385,1.0
387,1.0
388,2.0
389,1.0
390,1.0
391,2.0
392,1.0
394,1.0
395,1.0
396,1.0
397,1.0
400,1.0
401,1.0
402,1.0
403,2.0
404,1.0
406,2.0
407,2.0
408,1.0
410,2.0
412,1.0
413,2.0
414,1.0
415,1.0
416,2.0
417,2.0
418,2.0
419,2.0
420,1.0
422,1.0
423,2.0
424,1.0
425,2.0
426,2.0
427,1.0
428,2.0
429,1.0
430,2.0
431,2.0
432,1.0
433,1.0
434,1.0
435,1.0
436,2.0
437,2.0
438,2.0
439,2.0
441,2.0
444,2.0
446,1.0
447,2.0
448,2.0
452,2.0
453,1.0
455,2.0
456,2.0
457,2.0
459,2.0
463,1.0
464,2.0
465,2.0
467,1.0
468,1.0
470,1.0
471,2.0
472,2.0
473,2.0
476,2.0
477,1.0
478,1.0
479,1.0
480,1.0
481,2.0
482,1.0
483,1.0
484,2.0
486,1.0
487,2.0
489,2.0
490,1.0
491,1.0
492,2.0
494,2.0
496,1.0
497,1.0
499,2.0
500,1.0
503,1.0
504,2.0
505,2.0
506,1.0
508,1.0
509,2.0
510,1.0
512,1.0
514,1.0
515,1.0
516,1.0
518,1.0
519,1.0
520,1.0
521,1.0
523,2.0
524,1.0
525,1.0
526,1.0
528,1.0
529,1.0
530,1.0
531,1.0
532,1.0
533,2.0
534,2.0
536,2.0
538,1.0
539,2.0
540,1.0
541,2.0
543,2.0
544,2.0
545,2.0
547,2.0
548,1.0
549,1.0
551,2.0
553,1.0
555,1.0
557,1.0
560,1.0
561,1.0
562,2.0
564,1.0
566,1.0
567,1.0
568,1.0
569,1.0
570,1.0
571,1.0
572,1.0
573,1.0
574,1.0
575,1.0
576,2.0
580,1.0
581,2.0
583,1.0
584,1.0
585,1.0
586,1.0
587,1.0
588,1.0
590,1.0
591,2.0
592,1.0
595,2.0
597,1.0
599,2.0
600,2.0
601,2.0
602,2.0
603,1.0
604,2.0
605,1.0
606,2.0
608,1.0
609,2.0
610,1.0
611,1.0
612,2.0
613,1.0
614,1.0
615,1.0
616,1.0
617,1.0
618,1.0
619,1.0
620,1.0
621,1.0
622,1.0
623,1.0
624,1.0
625,2.0
626,1.0
627,2.0
628,1.0
631,2.0
632,1.0
633,1.0
634,1.0
635,1.0
636,1.0
637,2.0
638,2.0
642,1.0
645,1.0
646,2.0
647,1.0
648,2.0
649,2.0
650,1.0
652,2.0
654,1.0
656,1.0
657,2.0
660,1.0
661,2.0
662,1.0
663,1.0
665,2.0
667,1.0
669,2.0
671,1.0
674,1.0
675,2.0
678,1.0
679,1.0
680,1.0
681,2.0
682,2.0
685,2.0
688,1.0
689,1.0
690,2.0
691,2.0
692,1.0
693,1.0
694,1.0
696,1.0
698,1.0
699,1.0
700,2.0
702,1.0
703,1.0
704,1.0
706,2.0
707,2.0
709,1.0
711,1.0
712,1.0
713,2.0
714,1.0
715,1.0
716,1.0
717,2.0
718,1.0
719,1.0
723,1.0
726,1.0
728,1.0
729,1.0
730,1.0
732,1.0
734,2.0
736,1.0
737,2.0
739,2.0
740,2.0
741,1.0
742,2.0
744,1.0
746,2.0
747,2.0
749,2.0
750,1.0
751,1.0
752,2.0
753,1.0
755,2.0
758,2.0
759,1.0
762,2.0
763,2.0
764,1.0
765,2.0
766,2.0
767,2.0
768,1.0
769,2.0
770,2.0
771,2.0
772,1.0
773,2.0
774,1.0
776,1.0
777,2.0
778,2.0
779,1.0
780,2.0
784,1.0
785,2.0
786,2.0
787,1.0
788,1.0
789,2.0
790,1.0
791,1.0
793,1.0
794,1.0
795,2.0
796,1.0
798,1.0
799,1.0
801,1.0
802,1.0
807,1.0
809,1.0
812,2.0
813,1.0
814,2.0
816,2.0
817,2.0
818,1.0
820,1.0
821,1.0
823,1.0
824,1.0
825,2.0
827,2.0
828,1.0
829,1.0
830,1.0
833,1.0
834,1.0
835,1.0
836,1.0
837,2.0
838,2.0
842,1.0
843,2.0
845,2.0
846,2.0
847,2.0
848,1.0
849,2.0
850,2.0
852,1.0
853,1.0
854,1.0
855,1.0
856,1.0
858,1.0
859,2.0
860,2.0
861,2.0
863,2.0
866,2.0
867,2.0
870,2.0
872,1.0
873,1.0
874,1.0
875,1.0
877,1.0
879,1.0
880,2.0
881,2.0
882,1.0
883,1.0
886,2.0
887,2.0
888,1.0
889,1.0
891,1.0
895,2.0
896,2.0
898,1.0
899,2.0
900,1.0
901,2.0
902,2.0
904,2.0
905,2.0
906,2.0
907,1.0
908,1.0
909,2.0
910,1.0
911,1.0
913,2.0
914,1.0
915,1.0
916,1.0
917,1.0
918,1.0
919,1.0
920,1.0
921,1.0
922,1.0
923,1.0
924,1.0
925,1.0
926,1.0
927,1.0
928,1.0
930,1.0
931,1.0
932,1.0
933,2.0
934,1.0
935,1.0
936,1.0
937,1.0
938,1.0
940,1.0
942,1.0
943,2.0
944,1.0
945,1.0
946,1.0
947,1.0
948,1.0
949,2.0
952,1.0
955,1.0
956,2.0
957,1.0
958,2.0
959,2.0
960,2.0
961,2.0
964,2.0
965,1.0
966,2.0
969,2.0
971,1.0
972,1.0
973,1.0
974,1.0
975,2.0
976,2.0
977,1.0
978,1.0
980,2.0
981,1.0
983,1.0
984,1.0
986,1.0
987,1.0
988,2.0
989,1.0
990,2.0
992,1.0
993,2.0
994,2.0
995,1.0
996,2.0
998,1.0
999,2.0
1001,1.0
1002,1.0
1003,1.0
1004,2.0
1005,1.0
1006,1.0
1007,1.0
1008,1.0
1009,2.0
1010,2.0
1011,1.0
1015,2.0
1016,1.0
1018,1.0
1019,1.0
1020,1.0
1021,2.0
1022,1.0
1023,1.0
1027,2.0
1030,1.0
1031,1.0
1032,1.0
1033,2.0
1035,1.0
1038,1.0
1040,2.0
1041,1.0
1042,2.0
1043,2.0
1044,1.0
1046,1.0
1047,2.0
1048,2.0
1049,2.0
1050,2.0
1051,2.0
1052,1.0
1053,2.0
1054,2.0
1055,2.0
1057,1.0
1059,2.0
1060,1.0
1061,1.0
1062,2.0
1064,2.0
1067,2.0
1068,1.0
1069,1.0
1071,2.0
1072,1.0
1073,1.0
1074,2.0
1077,1.0
1078,2.0
1080,1.0
1082,2.0
1083,2.0
1084,1.0
1085,1.0
1086,2.0
1087,2.0
1088,2.0
1090,1.0
1091,1.0
1092,2.0
1094,2.0
1095,2.0
1096,2.0
1097,2.0
1098,2.0
1099,2.0
1100,2.0
1101,2.0
1102,2.0
1104,1.0
1105,1.0
1106,1.0
1107,1.0
1108,2.0
1109,1.0
1111,1.0
1112,1.0
1113,2.0
1114,1.0
1115,1.0
1116,1.0
1117,1.0
1118,1.0
1119,1.0
1120,1.0
1122,1.0
1123,2.0
1124,1.0
1125,1.0
1126,1.0
1127,1.0
1128,1.0
1129,1.0
1131,1.0
1132,1.0
1134,1.0
1135,1.0
1136,2.0
1138,1.0
1139,2.0
1140,1.0
1141,1.0
1142,1.0
1143,1.0
1147,1.0
1149,2.0
1150,1.0
1151,2.0
1152,2.0
1153,1.0
1155,1.0
1156,2.0
1157,1.0
1160,1.0
1161,1.0
1162,2.0
1165,2.0
1166,1.0
1167,1.0
1168,1.0
1170,2.0
1171,1.0
1172,1.0
1173,2.0
1177,2.0
1178,1.0
1183,1.0
1184,2.0
1185,1.0
1186,1.0
1188,1.0
1189,1.0
1191,2.0
1192,1.0
1193,1.0
1194,1.0
1195,1.0
1196,1.0
1197,2.0
1198,2.0
1199,1.0
1200,1.0
1201,1.0
1202,1.0
1203,1.0
1204,1.0
1205,2.0
1207,1.0
1209,1.0
1210,2.0
1211,1.0
1212,1.0
1213,1.0
1214,1.0
1215,1.0
1216,1.0
1219,1.0
1222,1.0
1223,1.0
1225,1.0
1226,1.0
1227,2.0
1228,1.0
1230,2.0
1231,2.0
1232,2.0
1233,2.0
1234,1.0
1235,2.0
1236,2.0
1238,2.0
1239,1.0
1240,1.0
1243,1.0
1244,1.0
1246,1.0
1247,1.0
1249,1.0
1251,1.0
1255,1.0
1256,2.0
1257,2.0
1259,2.0
1260,1.0
1263,1.0
1266,2.0
1268,2.0
1269,1.0
1270,2.0
1271,1.0
1274,1.0
1275,1.0
1277,2.0
1279,1.0
1280,2.0
1281,2.0
1282,1.0
1283,1.0
1284,2.0
1285,1.0
1286,2.0
1287,1.0
1288,1.0
1290,2.0
1292,1.0
1293,2.0
1295,1.0
1297,2.0
1298,1.0
1299,1.0
1300,1.0
1301,1.0
1302,2.0
1303,1.0
1305,1.0
1306,1.0
1308,1.0
1309,1.0
1310,1.0
1311,1.0
1312,2.0
1313,1.0
1314,1.0
1315,1.0
1317,1.0
1318,1.0
1319,1.0
1320,1.0
1321,1.0
1322,1.0
1323,1.0
1324,1.0
1325,1.0
1326,1.0
1327,1.0
1328,1.0
1329,1.0
1330,1.0
1331,1.0
1332,1.0
1333,1.0
1334,2.0
1335,1.0
1336,1.0
1337,2.0
1338,2.0
1339,1.0
1340,1.0
1342,1.0
1343,1.0
1344,1.0
1345,1.0
1349,1.0
1350,2.0
1351,1.0
1354,2.0
1355,1.0
1357,1.0
1360,2.0
1363,1.0
1364,2.0
1365,2.0
1366,1.0
1367,1.0
1369,2.0
1372,2.0
1373,1.0
1374,1.0
1376,2.0
1377,2.0
1379,1.0
1381,1.0
1382,1.0
1384,1.0
1386,1.0
1387,1.0
1388,1.0
1389,2.0
1390,1.0
1392,1.0
1393,2.0
1394,1.0
1395,1.0
1397,2.0
1398,2.0
1399,1.0
1400,1.0
1401,1.0
1403,1.0
1405,1.0
1406,1.0
1407,2.0
1408,1.0
1410,1.0
1412,1.0
1413,2.0
1414,2.0
1415,1.0
1416,2.0
1417,2.0
1418,1.0
1423,1.0
1424,2.0
1425,1.0
1426,1.0
1427,2.0
1428,2.0
1429,1.0
1431,2.0
1434,1.0
1435,2.0
1437,1.0
1438,2.0
1439,2.0
1440,1.0
1441,1.0
1442,2.0
1443,2.0
1445,2.0
1447,1.0
1449,2.0
1450,1.0
1452,2.0
1455,2.0
1456,1.0
1457,1.0
1458,1.0
1460,1.0
1461,1.0
1462,1.0
1463,2.0
1465,1.0
1466,2.0
1467,2.0
1469,1.0
1470,2.0
1473,1.0
1474,2.0
1475,1.0
1479,2.0
1480,1.0
1482,1.0
1484,1.0
1486,1.0
1487,1.0
1488,2.0
1491,1.0
1492,2.0
1493,1.0
1494,1.0
1495,1.0
1496,1.0
1498,1.0
1499,1.0
1500,1.0
1501,1.0
1502,1.0
1504,2.0
1505,2.0
1506,1.0
1508,1.0
1509,2.0
1510,1.0
1511,2.0
1512,2.0
1513,2.0
1515,1.0
1516,2.0
1517,2.0
1518,2.0
1521,1.0
1522,2.0
1523,1.0
1524,1.0
1526,1.0
1527,1.0
1529,1.0
1530,1.0
1531,2.0
1535,1.0
1539,1.0
1540,2.0
1541,2.0
1543,1.0
1544,1.0
1545,1.0
1546,1.0
1549,2.0
1551,1.0
1552,1.0
1553,1.0
1554,1.0
1556,1.0
1558,2.0
1559,1.0
1560,2.0
1561,2.0
1564,1.0
1565,2.0
1566,2.0
1568,1.0
1570,2.0
1571,1.0
1573,1.0
1574,1.0
1575,2.0
1576,2.0
1578,1.0
1579,1.0
1580,1.0
1581,1.0
1582,1.0
1583,1.0
1584,1.0
1585,1.0
1587,1.0
1588,1.0
1589,1.0
1590,1.0
1591,1.0
1592,2.0
1593,1.0
1594,1.0
1595,1.0
1596,1.0
1597,1.0
1598,2.0
1599,1.0
1600,1.0
1604,2.0
1607,1.0
1608,1.0
1609,1.0
1610,1.0
1611,1.0
1612,1.0
1613,1.0
1615,1.0
1616,1.0
1617,2.0
1618,2.0
1619,2.0
1620,2.0
1621,2.0
1622,1.0
1623,2.0
1624,1.0
1625,1.0
1626,2.0
1629,2.0
1630,2.0
1631,1.0
1632,2.0
1634,2.0
1635,1.0
1636,1.0
1637,1.0
1638,2.0
1639,2.0
1640,1.0
1642,1.0
1644,2.0
1645,1.0
1647,1.0
1649,2.0
1651,2.0
1652,1.0
1653,2.0
1655,2.0
1657,1.0
1658,2.0
1660,2.0
1661,2.0
1662,1.0
1663,1.0
1664,2.0
1665,2.0
1667,1.0
1668,2.0
1669,2.0
1673,1.0
1674,1.0
1675,1.0
1676,1.0
1678,1.0
1679,1.0
1680,1.0
1681,2.0
1682,1.0
1683,1.0
1684,1.0
1685,1.0
1686,1.0
1687,1.0
1688,1.0
1689,1.0
1690,2.0
1691,1.0
1692,1.0
1693,1.0
1694,1.0
1695,2.0
1696,1.0
1697,2.0
1698,1.0
1699,1.0
1700,2.0
1701,1.0
1702,1.0
1704,1.0
1706,1.0
1707,1.0
1708,1.0
1709,1.0
1710,1.0
1711,1.0
1712,2.0
1713,1.0
1714,1.0
1715,1.0
1716,1.0
1718,1.0
1720,2.0
1725,1.0
1727,1.0
1728,1.0
1729,1.0
1730,2.0
1731,2.0
1732,2.0
1733,1.0
1734,1.0
1737,1.0
1738,2.0
1740,2.0
1743,2.0
1744,1.0
1745,2.0
1746,1.0
1748,1.0
1750,1.0
1752,2.0
1753,2.0
1754,1.0
1756,1.0
1757,1.0
1758,1.0
1762,1.0
1763,1.0
1768,1.0
1769,1.0
1770,1.0
1771,1.0
1772,1.0
1773,2.0
1774,1.0
1779,2.0
1780,1.0
1781,2.0
1783,2.0
1784,2.0
1785,2.0
1786,2.0
1787,1.0
1788,2.0
1789,1.0
1790,2.0
1791,1.0
1793,1.0
1795,1.0
1797,2.0
1800,1.0
1801,2.0
1802,1.0
1803,2.0
1804,2.0
1805,2.0
1807,1.0
1808,2.0
1809,1.0
1810,1.0
1811,1.0
1814,2.0
1815,1.0
1816,1.0
1817,1.0
1818,1.0
1819,1.0
1820,1.0
1821,1.0
1822,1.0
1824,1.0
1825,2.0
1826,1.0
1827,1.0
1828,1.0
1829,1.0
1830,1.0
1831,2.0
1832,1.0
1833,1.0
1834,1.0
1836,1.0
1837,2.0
1838,1.0
1839,1.0
1840,1.0
1841,1.0
1842,1.0
1844,1.0
1845,1.0
1846,1.0
1847,1.0
1851,1.0
1852,1.0
1853,1.0
1854,1.0
1855,1.0
1856,1.0
1858,2.0
1859,1.0
1860,1.0
1861,2.0
1862,1.0
1863,2.0
1864,2.0
1865,1.0
1866,2.0
1867,1.0
1868,1.0
1869,1.0
1871,1.0
1872,1.0
1874,2.0
1875,1.0
1876,1.0
1877,1.0
1878,2.0
1879,1.0
1881,1.0
1882,2.0
1883,2.0
1884,2.0
1887,1.0
1888,2.0
1889,1.0
1890,2.0
1892,1.0
1894,1.0
1895,1.0
1896,2.0
1897,2.0
1898,2.0
1899,1.0
1900,1.0
1902,1.0
1903,1.0
1904,2.0
1905,1.0
1907,1.0
1908,2.0
1909,1.0
1911,1.0
1912,1.0
1916,1.0
1917,1.0
1918,1.0
1919,2.0
1920,1.0
1921,1.0
1923,2.0
1925,2.0
1926,1.0
1927,2.0
1928,2.0
1929,1.0
1930,2.0
1931,2.0
1932,1.0
1933,1.0
1934,1.0
1935,2.0
1936,1.0
1940,2.0
1941,2.0
1942,2.0
1945,1.0
1947,2.0
1949,1.0
1950,1.0
1952,1.0
1953,1.0
1954,1.0
1955,1.0
1956,2.0
1958,1.0
1959,1.0
1960,2.0
1962,1.0
1963,2.0
1964,2.0
1966,1.0
1967,2.0
1968,2.0
1969,2.0
1971,2.0
1972,2.0
1975,2.0
1976,2.0
1977,2.0
1978,1.0
1979,1.0
1980,2.0
1981,2.0
1982,1.0
1984,2.0
1987,2.0
1991,1.0
1993,1.0
1995,2.0
1997,2.0
1998,2.0
1999,1.0
2001,1.0
2002,2.0
2003,2.0
2004,2.0
2005,1.0
2007,2.0
2008,1.0
2009,1.0
2011,2.0
2012,2.0
2013,1.0
2014,2.0
2015,2.0
2016,1.0
2017,1.0
2018,1.0
2019,2.0
2020,2.0
2021,2.0
2023,2.0
2024,2.0
2025,1.0
2026,1.0
2027,1.0
2028,2.0
2029,1.0
2031,1.0
2032,2.0
2033,2.0
2034,1.0
2035,1.0
2037,1.0
2039,1.0
2040,2.0
2043,1.0
2045,1.0
2047,2.0
2049,2.0
2052,1.0
2053,1.0
2054,1.0
2057,1.0
2058,2.0
2059,1.0
2061,2.0
2063,1.0
2064,1.0
2065,1.0
2067,1.0
2068,1.0
2069,1.0
2071,1.0
2072,1.0
2074,1.0
2075,1.0
2076,1.0
2077,1.0
2078,1.0
2079,1.0
2080,1.0
2081,1.0
2082,1.0
2083,1.0
2084,1.0
2085,1.0
2086,2.0
2087,1.0
2088,1.0
2089,1.0
2090,1.0
2093,2.0
2094,1.0
2095,2.0
2097,2.0
2098,2.0
2099,2.0
2100,1.0
2102,1.0
2104,2.0
2107,1.0
2108,1.0
2109,1.0
2111,1.0
2112,1.0
2113,2.0
2115,1.0
2116,1.0
2117,1.0
2119,1.0
2121,1.0
2122,1.0
2123,2.0
2124,2.0
2125,1.0
2126,2.0
2127,1.0
2128,1.0
2129,2.0
2130,1.0
2131,1.0
2133,1.0
2134,1.0
2135,1.0
2139,1.0
2141,1.0
2143,1.0
2144,1.0
2145,1.0
2147,1.0
2148,1.0
2149,1.0
2150,2.0
2151,2.0
2153,1.0
2154,1.0
2157,1.0
2158,2.0
2162,2.0
2163,2.0
2164,2.0
2166,1.0
2167,2.0
2168,1.0
2169,2.0
2170,2.0
2171,1.0
2172,1.0
2173,1.0
2174,1.0
2177,2.0
2179,1.0
2181,1.0
2182,1.0
2184,1.0
2185,2.0
2186,1.0
2187,2.0
2188,2.0
2190,2.0
2191,1.0
2192,1.0
2193,1.0
2194,2.0
2198,1.0
2200,1.0
2201,1.0
2202,1.0
2203,1.0
2204,1.0
2205,1.0
2206,2.0
2207,1.0
2208,2.0
2209,1.0
2210,2.0
2212,2.0
2214,1.0
2215,1.0
2216,1.0
2217,2.0
2218,2.0
2219,2.0
2221,2.0
2222,1.0
2223,1.0
2224,2.0
2225,1.0
2226,2.0
2227,1.0
2228,2.0
2229,1.0
2230,2.0
2231,1.0
2232,2.0
2233,2.0
2234,1.0
2235,1.0
2236,1.0
2237,1.0
2238,1.0
2239,1.0
2240,2.0
2241,1.0
2242,1.0
2243,1.0
2244,2.0
2246,1.0
2247,2.0
2248,2.0
2250,1.0
2251,1.0
2252,1.0
2253,1.0
2254,1.0
2257,2.0
2258,1.0
2259,2.0
2261,2.0
2262,1.0
2263,2.0
2264,1.0
2265,1.0
2266,1.0
2268,2.0
2270,1.0
2271,2.0
2272,2.0
2273,2.0
2274,2.0
2275,1.0
2276,2.0
2277,1.0
2279,1.0
2280,2.0
2281,1.0
2282,2.0
2283,1.0
2284,1.0
2285,1.0
2286,1.0
2287,2.0
2288,1.0
2289,2.0
2290,2.0
2292,1.0
2293,1.0
2295,1.0
2297,2.0
2298,1.0
2299,1.0
2300,2.0
2301,2.0
2302,1.0
2303,2.0
2305,2.0
2308,1.0
2309,1.0
2310,1.0
2311,1.0
2312,2.0
2314,2.0
2315,2.0
2317,2.0
2318,1.0
2319,1.0
2321,2.0
2322,1.0
2324,2.0
2325,2.0
2326,2.0
2327,2.0
2328,2.0
2329,2.0
2330,2.0
2332,2.0
2334,2.0
2336,2.0
2337,2.0
2338,2.0
2339,1.0
2341,2.0
2342,1.0
2343,2.0
2344,1.0
2345,1.0
2346,1.0
2347,1.0
2348,2.0
2349,1.0
2351,1.0
2352,1.0
2354,1.0
2355,2.0
2357,1.0
2358,2.0
2360,1.0
2362,2.0
2364,2.0
2365,1.0
2366,2.0
2367,2.0
2369,1.0
2370,1.0
2371,2.0
2372,1.0
2374,2.0
2375,1.0
2376,1.0
2377,1.0
2378,2.0
2379,1.0
2380,2.0
2383,1.0
2385,2.0
2386,1.0
2387,1.0
2388,1.0
2389,1.0
2390,2.0
2391,2.0
2392,1.0
2393,2.0
2394,1.0
2395,2.0
2396,2.0
2398,1.0
2399,2.0
2400,1.0
2403,2.0
2405,1.0
2406,1.0
2407,1.0
2409,2.0
2410,1.0
2411,2.0
2412,1.0
2415,1.0
2416,1.0
2417,1.0
2418,1.0
2419,1.0
2420,1.0
2422,1.0
2423,1.0
2424,1.0
2425,1.0
2427,1.0
2428,1.0
2432,1.0
2433,1.0
2434,1.0
2435,1.0
2438,1.0
2440,1.0
2441,1.0
2443,1.0
2444,1.0
2445,1.0
2447,1.0
2448,1.0
2449,1.0
2451,1.0
2454,1.0
2455,1.0
2456,1.0
2457,1.0
2458,1.0
2459,1.0
2460,1.0
2461,1.0
2462,1.0
2463,1.0
2464,1.0
2465,1.0
2466,2.0
2467,1.0
2468,1.0
2469,1.0
2470,1.0
2471,1.0
2472,2.0
2473,1.0
2474,2.0
2476,2.0
2477,1.0
2478,2.0
2479,1.0
2480,1.0
2481,1.0
2482,1.0
2484,1.0
2486,1.0
2487,2.0
2490,2.0
2492,2.0
2493,1.0
2494,2.0
2495,1.0
2496,2.0
2497,2.0
2499,1.0
2501,2.0
2504,1.0
2506,1.0
2509,1.0
2510,1.0
2511,2.0
2514,2.0
2516,1.0
2518,2.0
2520,2.0
2521,2.0
2522,1.0
2523,2.0
2524,2.0
2525,1.0
2526,2.0
2527,2.0
2528,1.0
2529,1.0
2530,1.0
2531,1.0
2532,1.0
2533,1.0
2534,1.0
2535,1.0
2536,1.0
2537,1.0
2541,2.0
2542,2.0
2544,1.0
2545,2.0
2546,1.0
2547,2.0
2549,1.0
2551,1.0
2555,2.0
2557,2.0
2558,1.0
2560,1.0
2561,1.0
2562,1.0
2563,1.0
2565,2.0
2566,2.0
2567,2.0
2568,1.0
2569,2.0
2570,1.0
2571,1.0
2572,1.0
2573,2.0
2575,1.0
2576,1.0
2577,2.0
2578,2.0
2579,2.0
2580,2.0
2581,1.0
2582,1.0
2584,2.0
2585,2.0
2586,1.0
2587,1.0
2589,2.0
2590,2.0
2591,2.0
2593,1.0
2594,1.0
2595,2.0
2596,2.0
2597,1.0
2598,1.0
2600,1.0
2601,1.0
2604,2.0
2606,1.0
2607,1.0
2608,1.0
2609,1.0
2610,2.0
2611,2.0
2613,1.0
2615,2.0
2618,2.0
2619,2.0
2620,1.0
2621,1.0
2622,1.0
2623,2.0
2625,1.0
2626,2.0
2627,1.0
2628,1.0
2630,2.0
2631,1.0
2632,2.0
2633,2.0
2634,1.0
2637,1.0
2639,1.0
2642,1.0
2644,1.0
2648,1.0
2649,1.0
2650,2.0
2651,1.0
2654,1.0
2655,1.0
2656,1.0
2657,1.0
2658,1.0
2659,1.0
2660,1.0
2661,1.0
2664,1.0
2665,1.0
2667,1.0
2669,1.0
2671,1.0
2672,1.0
2673,1.0
2674,1.0
2675,1.0
2676,2.0
2677,1.0
2678,1.0
2679,1.0
2681,1.0
2682,1.0
2684,1.0
2685,2.0
2686,2.0
2687,1.0
2688,2.0
2689,1.0
2690,1.0
2691,1.0
2694,1.0
2695,2.0
2696,1.0
2698,2.0
2700,1.0
2701,1.0
2704,1.0
2705,2.0
2706,1.0
2707,1.0
2708,2.0
2710,1.0
2712,1.0
2713,2.0
2714,1.0
2715,1.0
2716,1.0
2717,2.0
2718,1.0
2719,1.0
2720,2.0
2722,2.0
2724,2.0
2725,1.0
2726,1.0
2727,1.0
2728,1.0
2731,1.0
2732,1.0
2734,2.0
2737,2.0
2738,1.0
2739,1.0
2740,2.0
2741,1.0
2742,1.0
2744,1.0
2746,1.0
2747,1.0
2749,2.0
2751,1.0
2752,2.0
2753,1.0
2754,1.0
2755,1.0
2757,1.0
2758,1.0
2760,2.0
2761,2.0
2762,1.0
2763,1.0
2764,1.0
2765,2.0
2766,2.0
2767,1.0
2768,1.0
2769,1.0
2770,1.0
2772,2.0
2773,1.0
2774,1.0
2775,2.0
2778,2.0
2779,1.0
2780,2.0
2782,2.0
2783,1.0
2785,2.0
2786,1.0
2788,1.0
2789,1.0
2791,2.0
2792,1.0
2793,1.0
2794,2.0
2795,1.0
2797,2.0
2798,2.0
2799,1.0
2800,1.0
2801,1.0
2802,2.0
2803,1.0
2804,2.0
2805,2.0
2807,2.0
2808,2.0
2809,2.0
2810,1.0
2811,2.0
2812,1.0
2813,1.0
2814,1.0
2815,1.0
2816,1.0
2818,1.0
2819,1.0
2820,1.0
2822,1.0
2825,1.0
2826,1.0
2827,1.0
2828,1.0
2829,1.0
2833,1.0
2834,1.0
2835,2.0
2836,1.0
2837,1.0
2838,1.0
2840,1.0
2841,1.0
2842,1.0
2843,1.0
2844,1.0
2845,1.0
2846,1.0
2847,1.0
2848,1.0
2849,1.0
2851,2.0
2852,1.0
2853,2.0
2855,1.0
2856,1.0
2857,1.0
2858,1.0
2859,1.0
2860,1.0
2861,1.0
2862,2.0
2863,2.0
2864,2.0
2865,1.0
2866,1.0
2867,1.0
2870,1.0
2872,2.0
2876,1.0
2877,2.0
2879,2.0
2880,2.0
2881,1.0
2882,2.0
2884,2.0
2886,2.0
2887,1.0
2890,1.0
2891,1.0
2892,1.0
2895,1.0
2897,2.0
2898,2.0
2899,2.0
2901,1.0
2902,1.0
2903,2.0
2908,1.0
2910,2.0
2911,1.0
2912,1.0
2913,2.0
2914,2.0
2916,1.0
2917,2.0
2918,1.0
2919,1.0
2920,2.0
2921,1.0
2922,1.0
2923,2.0
2924,2.0
2925,1.0
2926,1.0
2928,2.0
2929,1.0
2930,2.0
2931,2.0
2933,1.0
2935,1.0
2936,2.0
2938,1.0
2939,2.0
2940,2.0
2941,1.0
2942,1.0
2943,1.0
2946,2.0
2948,1.0
2949,2.0
2950,1.0
2951,2.0
2952,1.0
2953,2.0
2954,1.0
2955,1.0
2959,1.0
2960,2.0
2963,2.0
2965,1.0
2967,1.0
2968,1.0
2970,1.0
2972,1.0
2974,2.0
2975,2.0
2976,1.0
2977,2.0
2978,2.0
2979,2.0
2980,2.0
2983,2.0
2984,2.0
2985,1.0
2986,2.0
2987,2.0
2988,1.0
2989,1.0
2990,1.0
2992,2.0
2994,1.0
2995,1.0
2996,1.0
2998,1.0
2999,2.0
3000,1.0
3001,2.0
3002,2.0
3003,1.0
3004,1.0
3005,1.0
3006,1.0
3008,1.0
3009,1.0
3010,1.0
3012,1.0
3013,1.0
3014,1.0
3015,1.0
3017,1.0
3018,2.0
3019,1.0
3020,1.0
3021,1.0
3023,1.0
3025,2.0
3026,1.0
3027,1.0
3029,2.0
3030,2.0
3031,2.0
3032,2.0
3033,2.0
3034,2.0
3035,1.0
3036,1.0
3038,2.0
3040,2.0
3041,2.0
3043,1.0
3045,2.0
3046,2.0
3047,2.0
3048,1.0
3049,2.0
3050,1.0
3052,2.0
3054,2.0
3055,1.0
3058,1.0
3059,2.0
3060,1.0
3061,2.0
3062,2.0
3063,2.0
3065,1.0
3066,1.0
3067,2.0
3068,2.0
3069,2.0
3070,1.0
3071,1.0
3072,1.0
3073,1.0
3074,1.0
3075,1.0
3077,2.0
3081,1.0
3082,2.0
3083,2.0
3084,1.0
3085,1.0
3086,1.0
3087,1.0
3089,1.0
3090,1.0
3091,1.0
3092,1.0
3093,2.0
3094,1.0
3095,2.0
3096,1.0
3097,1.0
3098,1.0
3100,1.0
3101,2.0
3102,1.0
3103,1.0
3104,1.0
3106,2.0
3107,1.0
3108,2.0
3109,2.0
3110,1.0
3111,1.0
3112,1.0
3113,1.0
3114,2.0
3115,2.0
3116,2.0
3117,2.0
3119,2.0
3120,1.0
3121,2.0
3123,1.0
3124,1.0
3127,2.0
3129,2.0
3130,2.0
3131,1.0
3132,1.0
3133,1.0
3134,2.0
3135,1.0
3136,2.0
3137,2.0
3141,2.0
3142,2.0
3143,2.0
3144,1.0
3146,1.0
3147,2.0
3149,2.0
3150,1.0
3153,1.0
3154,1.0
3155,2.0
3156,2.0
3157,2.0
3160,2.0
3161,2.0
3162,2.0
3163,2.0
3164,2.0
3166,2.0
3167,2.0
3168,2.0
3170,2.0
3171,2.0
3172,2.0
3173,2.0
3174,1.0
3175,1.0
3176,2.0
3177,1.0
3179,1.0
3180,1.0
3181,2.0
3182,2.0
3183,2.0
3184,2.0
3185,1.0
3186,1.0
3187,1.0
3189,2.0
3191,1.0
3192,2.0
3193,1.0
3194,1.0
3195,1.0
3196,1.0
3197,1.0
3198,1.0
3199,1.0
3200,1.0
3201,2.0
3202,1.0
3204,1.0
3205,2.0
3207,1.0
3208,1.0
3209,1.0
3210,1.0
3212,1.0
3213,2.0
3214,1.0
3216,1.0
3217,1.0
3218,1.0
3219,2.0
3220,2.0
3221,1.0
3222,1.0
3223,2.0
3224,2.0
3226,2.0
3227,2.0
3228,2.0
3230,1.0
3231,2.0
3232,2.0
3233,2.0
3234,2.0
3236,2.0
3237,2.0
3238,2.0
3239,1.0
3241,1.0
3242,1.0
3243,2.0
3244,1.0
3246,2.0
3248,1.0
3249,1.0
3251,1.0
3253,2.0
3254,1.0
3255,1.0
3256,1.0
3257,2.0
3258,1.0
3259,1.0
3261,1.0
3262,1.0
3263,1.0
3264,1.0
3265,1.0
3267,2.0
3268,1.0
3269,1.0
3270,1.0
3271,2.0
3272,2.0
3274,2.0
3275,2.0
3276,2.0
3277,1.0
3278,2.0
3279,1.0
3280,1.0
3282,1.0
3284,1.0
3285,1.0
3287,1.0
3288,2.0
3289,1.0
3291,2.0
3292,1.0
3293,1.0
3294,1.0
3295,1.0
3296,1.0
3297,1.0
3298,1.0
3299,1.0
3301,1.0
3302,1.0
3304,1.0
3305,1.0
3306,1.0
3307,1.0
3308,1.0
3310,2.0
3312,1.0
3313,1.0
3315,1.0
3316,1.0
3317,1.0
3318,1.0
3319,1.0
3320,1.0
3321,1.0
3322,1.0
3323,1.0
3326,1.0
3328,2.0
3330,1.0
3331,1.0
3332,1.0
3334,1.0
3336,2.0
3337,1.0
3339,1.0
3340,1.0
3341,2.0
3342,1.0
3343,1.0
3344,1.0
3345,1.0
3346,1.0
3347,2.0
3349,1.0
3350,1.0
3353,1.0
3354,1.0
3355,1.0
3356,1.0
3358,1.0
3360,1.0
3361,1.0
3362,1.0
3363,2.0
3364,1.0
3365,1.0
3366,2.0
3367,2.0
3368,2.0
3369,1.0
3370,2.0
3371,1.0
3373,1.0
3374,1.0
3375,2.0
3376,2.0
3377,1.0
3378,2.0
3379,2.0
3380,2.0
3381,2.0
3383,2.0
3384,2.0
3385,1.0
3387,1.0
3388,1.0
3389,1.0
3390,1.0
3393,1.0
3395,1.0
3396,1.0
3397,1.0
3398,2.0
3399,2.0
3400,1.0
3402,1.0
3403,1.0
3404,1.0
3405,1.0
3406,1.0
3407,1.0
3408,1.0
3409,1.0
3410,1.0
3411,1.0
3412,1.0
3413,1.0
3415,1.0
3416,1.0
3417,1.0
3418,1.0
3419,1.0
3420,1.0
3421,1.0
3422,1.0
3423,1.0
3426,1.0
3427,1.0
3428,1.0
3430,2.0
3431,2.0
3432,1.0
3433,1.0
3434,2.0
3435,2.0
3436,1.0
3440,2.0
3443,1.0
3445,2.0
3448,2.0
3451,1.0
3452,2.0
3453,2.0
3454,1.0
3455,2.0
3456,1.0
3457,1.0
3459,2.0
3460,1.0
3461,1.0
3464,1.0
3465,1.0
3466,2.0
3467,2.0
3468,2.0
3469,2.0
3471,1.0
3472,1.0
3474,1.0
3475,1.0
3477,2.0
3478,1.0
3480,1.0
3481,2.0
3482,2.0
3483,1.0
3486,1.0
3487,2.0
3489,1.0
3490,1.0
3492,2.0
3493,2.0
3494,1.0
3495,1.0
3496,1.0
3499,1.0
3500,1.0
3501,2.0
3504,1.0
3505,1.0
3506,1.0
3507,1.0
3508,2.0
3510,1.0
3512,2.0
3513,2.0
3515,1.0
3516,1.0
3518,2.0
3521,2.0
3523,1.0
3524,2.0
3525,1.0
3526,2.0
3527,2.0
3529,1.0
3530,2.0
3531,2.0
3532,1.0
3533,1.0
3534,1.0
3535,1.0
3537,1.0
3538,1.0
3539,2.0
3540,1.0
3541,1.0
3542,2.0
3543,1.0
3544,2.0
3545,2.0
3547,2.0
3548,1.0
3549,2.0
3551,1.0
3552,2.0
3553,1.0
3556,1.0
3558,2.0
3559,2.0
3560,2.0
3561,2.0
3562,1.0
3563,1.0
3565,1.0
3566,2.0
3567,1.0
3568,1.0
3569,1.0
3570,1.0
3572,1.0
3574,1.0
3575,1.0
3577,1.0
3578,1.0
3579,1.0
3581,1.0
3582,1.0
3583,1.0
3584,1.0
3585,1.0
3587,1.0
3588,1.0
3591,1.0
3592,1.0
3593,2.0
3594,1.0
3595,1.0
3596,2.0
3597,1.0
3599,1.0
3600,1.0
3601,1.0
3602,1.0
3603,1.0
3604,2.0
3605,1.0
3606,2.0
3607,2.0
3608,1.0
3609,1.0
3611,1.0
3612,2.0
3613,1.0
3617,2.0
3618,2.0
3620,1.0
3621,1.0
3622,2.0
3623,2.0
3624,1.0
3625,1.0
3626,1.0
3629,1.0
3630,1.0
3631,1.0
3632,1.0
3634,1.0
3636,2.0
3637,1.0
3638,2.0
3639,1.0
3640,1.0
3641,2.0
3642,1.0
3643,2.0
3644,1.0
3645,2.0
3647,2.0
3648,2.0
3650,2.0
3651,2.0
3652,2.0
3653,1.0
3654,1.0
3656,2.0
3657,2.0
3659,2.0
3660,1.0
3661,1.0
3662,2.0
3663,1.0
3665,2.0
3667,1.0
3669,1.0
3670,2.0
3671,2.0
3672,1.0
3673,2.0
3674,1.0
3675,2.0
3676,2.0
3678,2.0
3679,1.0
3680,1.0
3683,1.0
3685,1.0
3686,2.0
3687,1.0
3688,1.0
3689,1.0
3690,1.0
3691,1.0
3692,2.0
3693,1.0
3694,1.0
3696,1.0
3697,1.0
3698,2.0
3699,2.0
3700,1.0
3702,1.0
3703,1.0
3706,1.0
3707,1.0
3709,1.0
3711,1.0
3713,1.0
3714,1.0
3715,1.0
3716,1.0
3718,1.0
3719,1.0
3720,1.0
3721,1.0
3723,1.0
3725,2.0
3726,2.0
3728,1.0
3729,1.0
3730,1.0
3731,2.0
3732,2.0
3735,2.0
3736,1.0
3737,1.0
3739,1.0
3740,1.0
3741,2.0
3745,1.0
3746,2.0
3747,2.0
3751,1.0
3756,1.0
3759,1.0
3760,2.0
3761,2.0
3762,1.0
3763,2.0
3764,1.0
3765,1.0
3767,1.0
3768,1.0
3771,1.0
3773,1.0
3775,1.0
3776,2.0
3777,1.0
3778,1.0
3779,1.0
3780,1.0
3781,1.0
3782,1.0
3786,1.0
3788,2.0
3789,2.0
3790,2.0
3791,2.0
3792,2.0
3794,1.0
3797,1.0
3798,1.0
3800,2.0
3801,1.0
3802,1.0
3803,1.0
3805,1.0
3806,1.0
3807,1.0
3809,1.0
3810,1.0
3811,1.0
3812,1.0
3813,1.0
3814,1.0
3815,1.0
3817,1.0
3818,1.0
3820,1.0
3821,1.0
3823,1.0
3826,2.0
3827,2.0
3828,2.0
3829,1.0
3830,1.0
3832,1.0
3833,1.0
3834,1.0
3835,2.0
3836,1.0
3837,2.0
3839,2.0
3840,1.0
3841,2.0
3842,2.0
3843,2.0
3844,2.0
3845,1.0
3846,1.0
3847,2.0
3849,2.0
3850,2.0
3853,2.0
3854,2.0
3855,2.0
3856,1.0
3857,1.0
3859,1.0
3861,1.0
3863,2.0
3864,2.0
3865,1.0
3866,1.0
3867,2.0
3868,1.0
3869,1.0
3870,1.0
3871,2.0
3873,1.0
3875,2.0
3876,1.0
3877,2.0
3880,1.0
3881,2.0
3882,2.0
3883,1.0
3886,2.0
3888,2.0
3889,2.0
3894,2.0
3896,1.0
3897,1.0
3898,1.0
3900,1.0
3901,2.0
3902,1.0
3903,1.0
3904,1.0
3905,1.0
3906,1.0
3908,1.0
3909,2.0
3911,1.0
3912,1.0
3913,1.0
3914,2.0
3916,1.0
3917,1.0
3918,2.0
3919,2.0
3920,1.0
3921,1.0
3922,2.0
3923,2.0
3924,1.0
3925,1.0
3927,2.0
3929,1.0
3930,1.0
3931,1.0
3934,1.0
3935,2.0
3937,2.0
3938,1.0
3940,1.0
3941,2.0
3943,1.0
3944,1.0
3945,2.0
3946,2.0
3947,1.0
3948,1.0
3949,2.0
3953,1.0
3956,2.0
3957,1.0
3958,2.0
3959,2.0
3960,2.0
3962,1.0
3964,2.0
3965,2.0
3966,1.0
3968,1.0
3969,1.0
3971,2.0
3973,2.0
3975,1.0
3976,2.0
3977,1.0
3978,2.0
3979,1.0
3980,2.0
3981,1.0
3982,1.0
3984,1.0
3985,1.0
3986,1.0
3987,1.0
3988,2.0
3990,1.0
3994,1.0
3996,2.0
3998,1.0
4001,2.0
4002,1.0
4004,2.0
4005,2.0
4006,1.0
4008,1.0
4009,1.0
4010,2.0
4011,1.0
4013,1.0
4014,1.0
4015,1.0
4016,1.0
4017,1.0
4018,2.0
4019,1.0
4020,2.0
4022,1.0
4023,2.0
4024,1.0
4025,1.0
4028,1.0
4029,1.0
4030,1.0
4031,2.0
4033,1.0
4035,2.0
4036,1.0
4038,1.0
4039,1.0
4041,2.0
4042,2.0
4043,1.0
4044,1.0
4046,1.0
4047,2.0
4048,2.0
4050,2.0
4051,1.0
4053,1.0
4054,2.0
4055,2.0
4061,2.0
4062,1.0
4065,2.0
4066,1.0
4067,1.0
4068,2.0
4069,2.0
4071,1.0
4072,1.0
4074,1.0
4076,1.0
4077,2.0
4078,1.0
4079,1.0
4080,1.0
4081,1.0
4082,1.0
4083,1.0
4085,1.0
4088,1.0
4089,1.0
4090,2.0
4091,1.0
4092,2.0
4093,2.0
4094,1.0
4095,1.0
4096,2.0
4098,1.0
4101,1.0
4102,1.0
4103,2.0
4106,1.0
4107,2.0
4108,2.0
4109,1.0
4111,2.0
4112,1.0
4113,1.0
4114,2.0
4115,2.0
4116,1.0
4117,1.0
4118,1.0
4120,1.0
4121,2.0
4124,1.0
4125,2.0
4127,2.0
4128,1.0
4129,1.0
4132,1.0
4134,1.0
4136,2.0
4137,1.0
4138,2.0
4139,2.0
4140,2.0
4141,1.0
4142,1.0
4143,2.0
4145,1.0
4146,1.0
4149,2.0
4150,1.0
4151,1.0
4152,1.0
4153,1.0
4154,2.0
4155,1.0
4157,2.0
4159,1.0
4161,1.0
4162,2.0
4163,2.0
4164,2.0
4165,1.0
4166,2.0
4167,2.0
4168,1.0
4172,2.0
4173,1.0
4175,2.0
4176,1.0
4177,1.0
4178,1.0
4179,1.0
4180,2.0
4181,1.0
